,AG: BoP: Financial Account: Other Investment: Currency & Deposits,AG: BoP: Financial Account: Other Investment: Liabilities: Loans: Other Sectors,AG: BoP: Financial Account: Other Investment: Liabilities: Loans: Other Sectors: Long Term,AG: BoP: Financial Account: Other Investment: Liabilities: Other Accounts Payable: Central Bank,AG: BoP: Financial Account: Other Investment: Liabilities: Other Accounts Payable: Central Bank: Short Term,AG: BoP: Financial Account: Other Investment: Liabilities: Loans: Deposit Taking Corporations excl Central Bank,AG: BoP: Financial Account: Other Investment: Liabilities: Loans: Central Bank: Short Term,AG: BoP: Financial Account: Other Investment: Liabilities: Loans: Other Sectors: Financial Corporations,AG: BoP: Financial Account: Official Reserve Assets: Others: Currency & Deposits: Claims on Other Entities,AG: BoP: Financial Account: Official Reserve Assets: Others: Securities: Debt Securities,AG: BoP: Financial Account: Other Investment: Liabilities: SDRs,AG: BoP: Financial Account: Official Reserve Assets: Monetary Gold: Unallocated Gold Accounts,AG: BoP: Financial Account: Official Reserve Assets: Monetary Gold: Gold Bullion,AG: BoP: Financial Account: Official Reserve Assets: Others: Securities: Debt Securities: Long Term,AG: BoP: Financial Account: Other Investment: Liabilities: Other Accounts Payable: Central Bank: Long Term,AG: BoP: Financial Account: Other Investment: Liabilities: Trade Credit & Advances: Central Bank: Long Term,AG: BoP: Financial Account: Official Reserve Assets: Others: Financial Derivatives,AG: BoP: Financial Account: Other Investment: Liabilities: Trade Credit & Advances: Other Sectors: Long Term,AG: BoP: Financial Account: Other Investment: Liabilities: Trade Credit & Advances: General Government: Short Term,AG: BoP: Financial Account: Official Reserve Assets: Others: Securities: Debt Securities: Short Term,AG: BoP: Financial Account: Other Investment: Liabilities: Trade Credit & Advances: Central Bank: Short Term,AG: BoP: Financial Account: Other Investment: Liabilities: Other Accounts Payable: General Government: Short Term,"AG: BoP: Financial Account: Other Investment: Liabilities: Insurance, Pension & Standardized Guarantee Schemes: General Government","AG: BoP: Financial Account: Other Investment: Liabilities: Insurance, Pension & Standardized Guarantee Schemes: Central Bank",AG: BoP: Financial Account: Official Reserve Assets: Others: Securities,AG: BoP: Financial Account: Other Investment: Liabilities: Other Accounts Payable: Other Sectors: Financial Corporations: Long Term,AG: BoP: Financial Account: Other Investment: Liabilities: Loans: Other Sectors: Financial Corporations: Long Term,AG: BoP: Financial Account: Other Investment: Liabilities: Trade Credit & Advances: Central Bank,"AG: BoP: Financial Account: Other Investment: Liabilities: Insurance, Pension & Standardized Guarantee Schemes: Pension Entitlements",AG: BoP: Financial Account: Other Investment: Liabilities: Loans: Central Bank: Long Term,AG: BoP: Financial Account: Other Investment: Liabilities: Loans: Other Sectors: Financial Corporations: Short Term,AG: BoP: Financial Account: Other Investment: Liabilities: Trade Credit & Advances: Other Sectors: Financial Corporations,AG: BoP: Financial Account: Other Investment: Other Equity,AG: BoP: Financial Account: Other Investment: Liabilities: Other Accounts Payable: General Government: Long Term,AG: BoP: Financial Account: Other Investment: Liabilities: Other Accounts Payable: Other Sectors: Short Term,AG: BoP: Financial Account: Other Investment: Liabilities: Other Accounts Payable: General Government,AG: BoP: Financial Account: Official Reserve Assets: Reserve Position in the IMF,AG: BoP: Financial Account: Official Reserve Assets: Monetary Gold,AG: BoP: Financial Account: Other Investment: Liabilities: Loans: Other Sectors: Short Term,AG: BoP: Financial Account: Other Investment: Trade Credit & Advances,AG: BoP: Financial Account: Other Investment: Liabilities: Loans: General Government: Short Term,AG: BoP: Financial Account: Other Investment: Liabilities: Other Accounts Payable: Other Sectors: Long Term,AG: BoP: Financial Account: Other Investment: Liabilities: Trade Credit & Advances: Other Sectors,"AG: BoP: Financial Account: Other Investment: Insurance, Pension & Standardized Guarantee Schemes",AG: BoP: Financial Account: Other Investment: Liabilities: Trade Credit & Advances: General Government: Long Term,AG: BoP: Financial Account: Other Investment: Liabilities: Trade Credit & Advances: Other Sectors: Short Term,"AG: BoP: Financial Account: Other Investment: Liabilities: Loans: Other Sectors: Non Financial Corporations, Households & NPISHs",AG: BoP: Financial Account: Other Investment: Liabilities: Other Accounts Payable: Other Sectors: Financial Corporations: Short Term,AG: BoP: Financial Account: Official Reserve Assets: Others: Currency & Deposits: Claims on Monetary Authorities,AG: BoP: Financial Account: Other Investment: Liabilities: Loans: General Government,AG: BoP: Financial Account: Other Investment: Liabilities: Loans: General Government: Long Term,AG: BoP: Financial Account: Other Investment: Loans,AG: BoP: Financial Account: Other Investment: Liabilities: Other Accounts Payable,AG: BoP: Financial Account: Other Investment: Liabilities: Other Accounts Payable: Deposit Taking Corporation excl Central Bank,AG: BoP: Financial Account: Other Investment: Liabilities: Other Accounts Payable: Other Sectors,AG: BoP: Financial Account: Other Investment: Other Accounts Receivable/Payable,AG: BoP: Financial Account: Official Reserve Assets,AG: BoP: Financial Account: Official Reserve Assets: SDRs,AG: BoP: Financial Account: Official Reserve Assets: Others,AG: BoP: Financial Account: Official Reserve Assets: Others: Currency & Deposits,AG: BoP: Financial Account: Official Reserve Assets: Others: Other Claims,AG: BoP: Net Errors & Omissions,"AG: BoP: Financial Account: Other Investment: Liabilities: Insurance, Pension & Standardized Guarantee Schemes: Other Sectors",AG: BoP: Financial Account: Other Investment: Liabilities: Trade Credit & Advances,AG: BoP: Financial Account: Other Investment: Liabilities: Other Accounts Payable: Other Sectors: Financial Corporations,"AG: BoP: Financial Account: Other Investment: Liabilities: Insurance, Pension & Standardized Guarantee Schemes",AG: BoP: Financial Account: Other Investment: Liabilities: Trade Credit & Advances: General Government,AG: BoP: Current Account: Goods & Services: Debit,AG: BoP: Current Account: Goods & Services: Credit,AG: BoP: Financial Account: Official Reserve Assets: Others: Securities: Equity,AG: BoP: Financial Account: Other Investment: Liabilities: Trade Credit & Advances: Other Sectors: Financial Corporations: Long Term,"AG: BoP: Financial Account: Other Investment: Liabilities: Insurance, Pension & Standardized Guarantee Schemes: Entitlements to Nonpension Benefits","AG: BoP: Financial Account: Other Investment: Liabilities: Insurance, Pension & Standardized Guarantee Schemes: Life Insurance & Annuity Entitlements",AG: BoP: Financial Account: Other Investment: Liabilities: Loans: Deposit Taking Corporations excl Central Bank: Short Term,AG: BoP: Financial Account: Other Investment: Liabilities: Trade Credit & Advances: Deposit Taking Corporations excl Central Bank: Long Term,"AG: BoP: Financial Account: Other Investment: Liabilities: Insurance, Pension & Standardized Guarantee Schemes: Provision for Calls under Standardized Guarantees",AG: BoP: Financial Account: Other Investment: Liabilities: Trade Credit & Advances: Other Sectors: Financial Corporations: Short Term,"AG: BoP: Financial Account: Other Investment: Liabilities: Trade Credit & Advances: Other Sectors: Non Financial Corporations, Households & NPISHs: Long Term","AG: BoP: Financial Account: Other Investment: Liabilities: Insurance, Pension & Standardized Guarantee Schemes: Claims of Pension Funds","AG: BoP: Financial Account: Other Investment: Liabilities: Other Accounts Payable: Other Sectors: Non Financial Corporations, Households & NPISHs: Long Term","AG: BoP: Financial Account: Other Investment: Liabilities: Insurance, Pension & Standardized Guarantee Schemes: Deposit Taking Corporations excl Central Bank",AG: BoP: Financial Account: Other Investment: Liabilities: Loans: Deposit Taking Corporations excl Central Bank: Long Term,"AG: BoP: Financial Account: Other Investment: Liabilities: Trade Credit & Advances: Other Sectors: Non Financial Corporations, Households & NPISHs: Short Term","AG: BoP: Financial Account: Other Investment: Liabilities: Other Accounts Payable: Other Sectors: Non Financial Corporations, Households & NPISHs: Short Term","AG: BoP: Financial Account: Other Investment: Liabilities: Loans: Other Sectors: Non Financial Corporations, Households & NPISHs: Long Term",AG: BoP: Financial Account: Other Investment: Liabilities: Other Accounts Payable: Deposit Taking Corporation excl Central Bank: Short Term,"AG: BoP: Financial Account: Other Investment: Liabilities: Insurance, Pension & Standardized Guarantee Schemes: Other Sectors: Financial Corporations","AG: BoP: Financial Account: Other Investment: Liabilities: Loans: Other Sectors: Non Financial Corporations, Households & NPISHs: Short Term",AG: BoP: Financial Account: Other Investment: Liabilities: Loans: General Government: Credit & Loans from the IMF,AG: BoP: Financial Account: Other Investment: Liabilities: Trade Credit & Advances: Deposit Taking Corporations excl Central Bank,"AG: BoP: Financial Account: Other Investment: Liabilities: Other Accounts Payable: Other Sectors: Non Financial Corporations, Households & NPISHs",AG: BoP: Financial Account: Other Investment: Liabilities: Other Accounts Payable: Deposit Taking Corporation excl Central Bank: Long Term,"AG: BoP: Financial Account: Other Investment: Liabilities: Trade Credit & Advances: Other Sectors: Non Financial Corporations, Households & NPISHs","AG: BoP: Financial Account: Other Investment: Liabilities: Insurance, Pension & Standardized Guarantee Schemes: Other Sectors: Non Financial Corporations, Households & NPISHs",AG: BoP: Financial Account: Other Investment: Liabilities: Trade Credit & Advances: Deposit Taking Corporations excl Central Bank: Short Term,"AG: BoP: Financial Account: Other Investment: Liabilities: Insurance, Pension & Standardized Guarantee Schemes: Nonlife Insurance Technical Reserves",AG: BoP: Current Account: Services: Manufacturing Services on Physical Inputs Owned by Others: Goods for Processing: Processing Abroad,"AG: BoP: Current Account: Goods, Services & Primary Income",AG: BoP: Current Account: Goods & Services,AG: (DC)BoP: Exceptional Financing
Region,Antigua and Barbuda,Antigua and Barbuda,Antigua and Barbuda,Antigua and Barbuda,Antigua and Barbuda,Antigua and Barbuda,Antigua and Barbuda,Antigua and Barbuda,Antigua and Barbuda,Antigua and Barbuda,Antigua and Barbuda,Antigua and Barbuda,Antigua and Barbuda,Antigua and Barbuda,Antigua and Barbuda,Antigua and Barbuda,Antigua and Barbuda,Antigua and Barbuda,Antigua and Barbuda,Antigua and Barbuda,Antigua and Barbuda,Antigua and Barbuda,Antigua and Barbuda,Antigua and Barbuda,Antigua and Barbuda,Antigua and Barbuda,Antigua and Barbuda,Antigua and Barbuda,Antigua and Barbuda,Antigua and Barbuda,Antigua and Barbuda,Antigua and Barbuda,Antigua and Barbuda,Antigua and Barbuda,Antigua and Barbuda,Antigua and Barbuda,Antigua and Barbuda,Antigua and Barbuda,Antigua and Barbuda,Antigua and Barbuda,Antigua and Barbuda,Antigua and Barbuda,Antigua and Barbuda,Antigua and Barbuda,Antigua and Barbuda,Antigua and Barbuda,Antigua and Barbuda,Antigua and Barbuda,Antigua and Barbuda,Antigua and Barbuda,Antigua and Barbuda,Antigua and Barbuda,Antigua and Barbuda,Antigua and Barbuda,Antigua and Barbuda,Antigua and Barbuda,Antigua and Barbuda,Antigua and Barbuda,Antigua and Barbuda,Antigua and Barbuda,Antigua and Barbuda,Antigua and Barbuda,Antigua and Barbuda,Antigua and Barbuda,Antigua and Barbuda,Antigua and Barbuda,Antigua and Barbuda,Antigua and Barbuda,Antigua and Barbuda,Antigua and Barbuda,Antigua and Barbuda,Antigua and Barbuda,Antigua and Barbuda,Antigua and Barbuda,Antigua and Barbuda,Antigua and Barbuda,Antigua and Barbuda,Antigua and Barbuda,Antigua and Barbuda,Antigua and Barbuda,Antigua and Barbuda,Antigua and Barbuda,Antigua and Barbuda,Antigua and Barbuda,Antigua and Barbuda,Antigua and Barbuda,Antigua and Barbuda,Antigua and Barbuda,Antigua and Barbuda,Antigua and Barbuda,Antigua and Barbuda,Antigua and Barbuda,Antigua and Barbuda,Antigua and Barbuda,Antigua and Barbuda,Antigua and Barbuda,Antigua and Barbuda,Antigua and Barbuda,Antigua and Barbuda,Antigua and Barbuda
Subnational,,,,,,,,,,,,,,,,,,,,,,,,,,,,,,,,,,,,,,,,,,,,,,,,,,,,,,,,,,,,,,,,,,,,,,,,,,,,,,,,,,,,,,,,,,,,,,,,,,,,
Frequency,"Annual, ending ""Dec"" of each year","Annual, ending ""Dec"" of each year","Annual, ending ""Dec"" of each year","Annual, ending ""Dec"" of each year","Annual, ending ""Dec"" of each year","Annual, ending ""Dec"" of each year","Annual, ending ""Dec"" of each year","Annual, ending ""Dec"" of each year","Annual, ending ""Dec"" of each year","Annual, ending ""Dec"" of each year","Annual, ending ""Dec"" of each year","Annual, ending ""Dec"" of each year","Annual, ending ""Dec"" of each year","Annual, ending ""Dec"" of each year","Annual, ending ""Dec"" of each year","Annual, ending ""Dec"" of each year","Annual, ending ""Dec"" of each year","Annual, ending ""Dec"" of each year","Annual, ending ""Dec"" of each year","Annual, ending ""Dec"" of each year","Annual, ending ""Dec"" of each year","Annual, ending ""Dec"" of each year","Annual, ending ""Dec"" of each year","Annual, ending ""Dec"" of each year","Annual, ending ""Dec"" of each year","Annual, ending ""Dec"" of each year","Annual, ending ""Dec"" of each year","Annual, ending ""Dec"" of each year","Annual, ending ""Dec"" of each year","Annual, ending ""Dec"" of each year","Annual, ending ""Dec"" of each year","Annual, ending ""Dec"" of each year","Annual, ending ""Dec"" of each year","Annual, ending ""Dec"" of each year","Annual, ending ""Dec"" of each year","Annual, ending ""Dec"" of each year","Annual, ending ""Dec"" of each year","Annual, ending ""Dec"" of each year","Annual, ending ""Dec"" of each year","Annual, ending ""Dec"" of each year","Annual, ending ""Dec"" of each year","Annual, ending ""Dec"" of each year","Annual, ending ""Dec"" of each year","Annual, ending ""Dec"" of each year","Annual, ending ""Dec"" of each year","Annual, ending ""Dec"" of each year","Annual, ending ""Dec"" of each year","Annual, ending ""Dec"" of each year","Annual, ending ""Dec"" of each year","Annual, ending ""Dec"" of each year","Annual, ending ""Dec"" of each year","Annual, ending ""Dec"" of each year","Annual, ending ""Dec"" of each year","Annual, ending ""Dec"" of each year","Annual, ending ""Dec"" of each year","Annual, ending ""Dec"" of each year","Annual, ending ""Dec"" of each year","Annual, ending ""Dec"" of each year","Annual, ending ""Dec"" of each year","Annual, ending ""Dec"" of each year","Annual, ending ""Dec"" of each year","Annual, ending ""Dec"" of each year","Annual, ending ""Dec"" of each year","Annual, ending ""Dec"" of each year","Annual, ending ""Dec"" of each year","Annual, ending ""Dec"" of each year","Annual, ending ""Dec"" of each year","Annual, ending ""Dec"" of each year","Annual, ending ""Dec"" of each year","Annual, ending ""Dec"" of each year","Annual, ending ""Dec"" of each year","Annual, ending ""Dec"" of each year","Annual, ending ""Dec"" of each year","Annual, ending ""Dec"" of each year","Annual, ending ""Dec"" of each year","Annual, ending ""Dec"" of each year","Annual, ending ""Dec"" of each year","Annual, ending ""Dec"" of each year","Annual, ending ""Dec"" of each year","Annual, ending ""Dec"" of each year","Annual, ending ""Dec"" of each year","Annual, ending ""Dec"" of each year","Annual, ending ""Dec"" of each year","Annual, ending ""Dec"" of each year","Annual, ending ""Dec"" of each year","Annual, ending ""Dec"" of each year","Annual, ending ""Dec"" of each year","Annual, ending ""Dec"" of each year","Annual, ending ""Dec"" of each year","Annual, ending ""Dec"" of each year","Annual, ending ""Dec"" of each year","Annual, ending ""Dec"" of each year","Annual, ending ""Dec"" of each year","Annual, ending ""Dec"" of each year","Annual, ending ""Dec"" of each year","Annual, ending ""Dec"" of each year","Annual, ending ""Dec"" of each year","Annual, ending ""Dec"" of each year","Annual, ending ""Dec"" of each year","Annual, ending ""Dec"" of each year"
Unit,USD mn,USD mn,USD mn,USD mn,USD mn,USD mn,USD mn,USD mn,USD mn,USD mn,USD mn,USD mn,USD mn,USD mn,USD mn,USD mn,USD mn,USD mn,USD mn,USD mn,USD mn,USD mn,USD mn,USD mn,USD mn,USD mn,USD mn,USD mn,USD mn,USD mn,USD mn,USD mn,USD mn,USD mn,USD mn,USD mn,USD mn,USD mn,USD mn,USD mn,USD mn,USD mn,USD mn,USD mn,USD mn,USD mn,USD mn,USD mn,USD mn,USD mn,USD mn,USD mn,USD mn,USD mn,USD mn,USD mn,USD mn,USD mn,USD mn,USD mn,USD mn,USD mn,USD mn,USD mn,USD mn,USD mn,USD mn,USD mn,USD mn,USD mn,USD mn,USD mn,USD mn,USD mn,USD mn,USD mn,USD mn,USD mn,USD mn,USD mn,USD mn,USD mn,USD mn,USD mn,USD mn,USD mn,USD mn,USD mn,USD mn,USD mn,USD mn,USD mn,USD mn,USD mn,USD mn,USD mn,USD mn,USD mn,USD mn,USD mn
Source,International Monetary Fund,International Monetary Fund,International Monetary Fund,International Monetary Fund,International Monetary Fund,International Monetary Fund,International Monetary Fund,International Monetary Fund,International Monetary Fund,International Monetary Fund,International Monetary Fund,International Monetary Fund,International Monetary Fund,International Monetary Fund,International Monetary Fund,International Monetary Fund,International Monetary Fund,International Monetary Fund,International Monetary Fund,International Monetary Fund,International Monetary Fund,International Monetary Fund,International Monetary Fund,International Monetary Fund,International Monetary Fund,International Monetary Fund,International Monetary Fund,International Monetary Fund,International Monetary Fund,International Monetary Fund,International Monetary Fund,International Monetary Fund,International Monetary Fund,International Monetary Fund,International Monetary Fund,International Monetary Fund,International Monetary Fund,International Monetary Fund,International Monetary Fund,International Monetary Fund,International Monetary Fund,International Monetary Fund,International Monetary Fund,International Monetary Fund,International Monetary Fund,International Monetary Fund,International Monetary Fund,International Monetary Fund,International Monetary Fund,International Monetary Fund,International Monetary Fund,International Monetary Fund,International Monetary Fund,International Monetary Fund,International Monetary Fund,International Monetary Fund,International Monetary Fund,International Monetary Fund,International Monetary Fund,International Monetary Fund,International Monetary Fund,International Monetary Fund,International Monetary Fund,International Monetary Fund,International Monetary Fund,International Monetary Fund,International Monetary Fund,International Monetary Fund,International Monetary Fund,International Monetary Fund,International Monetary Fund,International Monetary Fund,International Monetary Fund,International Monetary Fund,International Monetary Fund,International Monetary Fund,International Monetary Fund,International Monetary Fund,International Monetary Fund,International Monetary Fund,International Monetary Fund,International Monetary Fund,International Monetary Fund,International Monetary Fund,International Monetary Fund,International Monetary Fund,International Monetary Fund,International Monetary Fund,International Monetary Fund,International Monetary Fund,International Monetary Fund,International Monetary Fund,International Monetary Fund,International Monetary Fund,International Monetary Fund,International Monetary Fund,International Monetary Fund,International Monetary Fund,International Monetary Fund,International Monetary Fund
Status,Active,Active,Active,Active,Active,Active,Active,Active,Active,Active,Active,Active,Active,Active,Active,Active,Active,Active,Active,Active,Active,Active,Active,Active,Active,Active,Active,Active,Active,Active,Active,Active,Active,Active,Active,Active,Active,Active,Active,Active,Active,Active,Active,Active,Active,Active,Active,Active,Active,Active,Active,Active,Active,Active,Active,Active,Active,Active,Active,Active,Active,Active,Active,Active,Active,Active,Active,Active,Active,Active,Active,Active,Active,Active,Active,Active,Active,Active,Active,Active,Active,Active,Active,Active,Active,Active,Active,Active,Active,Active,Active,Active,Active,Active,Active,Active,Active,Active,Active,Discontinued
Series ID,369223737,369223757,369223777,369223837,369223857,387806667,409849627,409856167,409861447,409864287,409872217,409888177,409893807,409905347,409908377,409914707,409914787,409920947,409922897,409828807,409838607,409842127,409843657,409847397,409848037,409765467,409766587,409776567,409796047,409811627,409811847,409817277,409821527,387295407,387363377,387534707,387561967,387567847,387637927,387645427,387382367,387788747,396066387,396081537,396140477,396177457,396208347,396249727,396260837,335410701,335410901,335411101,335412001,335412201,335412401,335412601,335413801,335414101,335414501,335414701,335414901,335415101,396152357,396280917,396208677,396253807,396273447,335403201,335403001,409814157,409870357,409886007,409899327,409899547,409837607,409839797,409784987,409794527,409804377,409813987,409823747,387561767,396067087,396110307,396111297,396127717,396196447,396240107,396243137,396263757,396149127,387846657,396166157,396218547,396104677,396139187,409807447,335402701,335402801,369224007
SR Code,SR103791457,SR103791377,SR103791387,SR103791407,SR103791417,SR106261697,SR118983967,SR118983997,SR118984287,SR118984307,SR118984247,SR118984277,SR118984267,SR118984327,SR118984207,SR118984127,SR118984347,SR118984157,SR118984137,SR118984317,SR118984117,SR118984217,SR118984047,SR118984027,SR118984297,SR118984227,SR118984017,SR118984107,SR118984067,SR118983977,SR118984007,SR118984167,SR118984257,SR106261757,SR106261767,SR106261747,SR106261807,SR106261797,SR106261727,SR106261787,SR106261717,SR106261777,SR109729687,SR109729777,SR109729657,SR109729697,SR109729557,SR109729747,SR109729787,SR103791357,SR103791367,SR103791467,SR103791397,SR103791427,SR103791437,SR103791477,SR103791497,SR103791507,SR103791517,SR103791527,SR103791537,SR103791637,SR109729597,SR109729637,SR109729737,SR109729587,SR109729647,SR103791577,SR103791567,SR118984337,SR118984187,SR118984087,SR118984057,SR118983987,SR118984147,SR118984097,SR118984177,SR118984197,SR118984077,SR118984237,SR118984037,SR106261707,SR109729717,SR109729767,SR109729577,SR109729727,SR109729607,SR109729567,SR109729547,SR109729667,SR109729757,SR106261737,SR109729707,SR109729617,SR109729677,SR109729627,SR118982017,SR103791597,SR103791557,SR103791617
Mnemonic,,,,,,,,,,,,,,,,,,,,,,,,,,,,,,,,,,,,,,,,,,,,,,,,,,,,,,,,,,,,,,,,,,,,,,,,,,,,,,,,,,,,,,,,,,,,,,,,,,,,
Function Information,,,,,,,,,,,,,,,,,,,,,,,,,,,,,,,,,,,,,,,,,,,,,,,,,,,,,,,,,,,,,,,,,,,,,,,,,,,,,,,,,,,,,,,,,,,,,,,,,,,,
First Obs. Date,1977,1977,1977,1977,1977,1977,2014,2014,2014,2014,2014,2014,2014,2014,2014,2014,2014,2014,2014,2014,2014,2014,2014,2014,2014,2014,2014,2014,2014,2014,2014,2014,2014,1977,1977,1977,1977,1977,1977,1994,1977,1977,2014,2014,2014,2014,2014,2014,2014,1977,1977,1977,1977,1977,1977,1977,1977,1977,1977,1993,1993,1977,2014,2014,2014,2014,2014,1977,1977,2014,2014,2014,2014,2014,2014,2014,2014,2014,2014,2014,2014,1977,2014,2014,2014,2014,2014,2014,2014,2014,2014,1977,2014,2014,2014,2014,2014,1977,1977,1977
Last Obs. Date,2017,2017,2017,2017,2017,2017,2017,2017,2017,2017,2017,2017,2017,2017,2017,2017,2017,2017,2017,2017,2017,2017,2017,2017,2017,2017,2017,2017,2017,2017,2017,2017,2017,2017,2017,2017,2017,2017,2017,2017,2017,2017,2017,2017,2017,2017,2017,2017,2017,2017,2017,2017,2017,2017,2017,2017,2017,2017,2017,2017,2017,2017,2017,2017,2017,2017,2017,2017,2017,2017,2017,2017,2017,2017,2017,2017,2017,2017,2017,2017,2017,2017,2017,2017,2017,2017,2017,2017,2017,2017,2017,2017,2017,2017,2017,2017,2017,2017,2017,1991
Last Update Time,23/10/2018,23/10/2018,23/10/2018,23/10/2018,23/10/2018,23/10/2018,23/10/2018,23/10/2018,23/10/2018,23/10/2018,23/10/2018,23/10/2018,23/10/2018,23/10/2018,23/10/2018,23/10/2018,23/10/2018,23/10/2018,23/10/2018,23/10/2018,23/10/2018,23/10/2018,23/10/2018,23/10/2018,23/10/2018,23/10/2018,23/10/2018,23/10/2018,23/10/2018,23/10/2018,23/10/2018,23/10/2018,23/10/2018,23/10/2018,23/10/2018,23/10/2018,23/10/2018,23/10/2018,23/10/2018,23/10/2018,23/10/2018,23/10/2018,23/10/2018,23/10/2018,23/10/2018,23/10/2018,23/10/2018,23/10/2018,23/10/2018,23/10/2018,23/10/2018,23/10/2018,23/10/2018,23/10/2018,23/10/2018,23/10/2018,23/10/2018,23/10/2018,23/10/2018,23/10/2018,23/10/2018,23/10/2018,23/10/2018,23/10/2018,23/10/2018,23/10/2018,23/10/2018,24/04/2019,24/04/2019,24/04/2019,23/10/2018,23/10/2018,23/10/2018,23/10/2018,23/10/2018,23/10/2018,23/10/2018,23/10/2018,23/10/2018,23/10/2018,23/10/2018,23/10/2018,23/10/2018,23/10/2018,23/10/2018,23/10/2018,23/10/2018,23/10/2018,23/10/2018,23/10/2018,23/10/2018,23/10/2018,23/10/2018,23/10/2018,23/10/2018,23/10/2018,24/04/2019,24/04/2019,24/04/2019,25/09/2017
Series remarks,,,,,,,,,,,,,,,,,,,,,,,,,,,,,,,,,,,,,,,,,,,,,,,,,,,,,,,,,,,,,,,,,,,,,,,,,,,,,,,,,,,,,,,,,,,,,,,,,,,,
Suggestions,,,,,,,,,,,,,,,,,,,,,,,,,,,,,,,,,,,,,,,,,,,,,,,,,,,,,,,,,,,,,,,,,,,,,,,,,,,,,,,,,,,,,,,,,,,,,,,,,,,,
Mean,17.676331349999995,0.3775171016666665,0.5187622866666667,1.5611111111111111,1.5611111111111111,0,0,0,0,0,0,0,0,0,0,0,0,0,0.0165766325,0,0,0,0,0,0,0,0,0,0,0,0,0,0,0,0.8717174688888889,0,0.00009932365853658537,0,-0.141245185,-3.4271029291666664,0,0,-1.32556012,1.8345017675000002,10.131244155000001,-1.32556012,-4.6632100825,-0.00298463,27.756554955,4.759104568684209,6.945405962631578,-4.549458018157894,38.33482003947369,9.311296296842107,28.284050058421048,0.5440223097368413,7.500635165365854,0.017024346097560972,7.483511495609756,4.475578585599999,6.035750636799999,1.9759508258536589,-1.44934187,8.8222606675,-0.00298463,-1.44934187,10.1478207875,480.9822169465853,429.2804052034145,0,0,0,0,0,0,0,0,0,0,0,0,0,-1.32556012,3.92571324,-4.02760675,-0.27657407249999993,-1.5427763175,-0.6356033325,-20.76986324,0,3.92571324,0,-1.32556012,0.09343445,0,-1.44934187,0,-85.26299594658535,-51.70181174292681,1.8733333333333335
Variance,2352.4485910531903,64.14506864785062,60.964654962419445,7.6001633986928105,7.6001633986928105,0,0,0,0,0,0,0,0,0,0,0,0,0,0.0007808483995871583,0,0,0,0,0,0,0,0,0,0,0,0,0,0,0,6.960476647942602,0,4.044727549487803e-7,0,0.35910364114231585,76.67882402421687,0,0,70.83671917181465,2.9353611388287213,101.37301297884134,70.83671917181465,24.80961213874203,0.00003563206494759999,3395.99735334433,1690.9260411934147,1631.9372802563614,1848.000076192298,2507.6577875871944,494.90874543370427,1301.321127202738,2022.0599031552556,398.50596140867464,18.56305591412443,436.2348725300937,533.0084561114346,199.63974753966508,348.1071459258138,7.095751050208737,3.989342899987063,0.00003563206494759999,7.095751050208737,101.13637917068831,73598.79776868221,72551.4715734333,0,0,0,0,0,0,0,0,0,0,0,0,0,70.83671917181465,23.428532782949162,14.912054997245207,2.4933867770314357,8.68742370595879,1.6159663851404222,7.635988298034763,0.0007909462979424001,23.428532782949162,0,70.83671917181465,0.1200847156810654,0.0007909462979424001,7.095751050208737,0,11761.552754412998,11281.245497249705,8.602095238095238
Standard Deviation,48.50204728723511,8.009061658387369,7.807986613872967,2.75683938572649,2.75683938572649,0,0,0,0,0,0,0,0,0,0,0,0,0,0.02794366474868961,0,0,0,0,0,0,0,0,0,0,0,0,0,0,0,2.638271526576179,0,0.0006359817253261137,0,0.5992525687406904,8.756644564227605,0,0,8.41645526167725,1.7132895665440566,10.068416607334111,8.41645526167725,4.980924827654201,0.00596926,58.275186429082574,41.120871114233644,40.39724347348915,42.98837140660597,50.07651932380279,22.24654457289276,36.073828840348206,44.96732039109352,19.962614092564998,4.308486499238965,20.886236437666163,23.0869758979264,14.129393035076387,18.657629697413704,2.6637850983532316,1.9973339480385004,0.00596926,2.6637850983532316,10.056658449539206,271.29098357424675,269.3538037107204,0,0,0,0,0,0,0,0,0,0,0,0,0,8.41645526167725,4.840302963963016,3.861613004593444,1.5790461605131865,2.947443588257253,1.271206665,2.763329205511852,0.028123767491970205,4.840302963963016,0,8.41645526167725,0.34653241649384753,0.028123767491970205,2.6637850983532316,0,108.45069273367044,106.21320773448896,2.9329328730973776
Skewness,2.592239223132918,2.3994398285687164,2.647438448512593,1.5707926339279046,1.5707926339279046,,,,,,,,,,,,,,1.8892492275749935,,,,,,,,,,,,,,,,1.6309286754890944,,6.4031242374328565,,-4.2426406871192865,-2.8990913151574897,,,-1.9994761675670927,-1.9740192177430824,1.8990424910111683,-1.9994761675670927,-1.1322522856097523,-1.9999999999999993,0.29189335073650075,-1.1677201438709528,-1.333643785220063,0.8923853723388491,2.0690286720074833,3.634071118783522,1.157505279998277,-0.5296868057277692,2.5194060108094036,0.22934601294850548,2.0912816975560746,3.115625865915626,0.024906486954167202,-0.2752794493599504,1.013495821049513,0.1640429412245487,-1.9999999999999993,1.013495821049513,1.8995698527155993,0.22093846587718363,0.8640482009127413,,,,,,,,,,,,,,-1.9994761675670927,-1.7369617173045655,-0.6894625115583325,0.32325185093461434,1.3103902513932533,-1.9999999999999996,0.05832123093183831,0,-1.7369617173045655,,-1.9994761675670927,-1.690159986594586,0,1.013495821049513,,-1.2891598439924856,-0.7358044388365418,1.2919618839626656
Kurtosis,5.749480864453926,8.394568211812661,9.160381628761694,0.8629813108305529,0.8629813108305529,,,,,,,,,,,,,,3.5846118218816407,,,,,,,,,,,,,,,,2.2615711967199834,,41.00000000000019,,18.00000000000001,8.883870033492283,,,3.998263080047071,3.9131538649590176,3.651630101643061,3.998263080047071,0.13041339384137451,3.9999999999999964,-4.1029372631050425,8.00031087220394,9.065388495833611,6.548728221428377,6.070171902338629,15.953152320592253,0.35712922103593403,4.287366348177801,9.151751538180141,20.020609839223695,7.369038509665925,10.696093081822188,1.6322310600624563,0.33237109977468915,2.077258626039926,-2.262407380602877,3.9999999999999964,2.077258626039926,3.6557351078028795,-0.8441463646725054,0.9937845264218637,,,,,,,,,,,,,,3.998263080047071,2.9691419109109063,-2.160715389082105,0.7900930555767918,2.4840080419228627,3.9999999999999964,-5.4014833038086465,1.4999999999999982,2.9691419109109063,,3.998263080047071,2.7608051001119165,1.4999999999999982,2.077258626039926,,2.0441962383929657,1.8948374444375822,-0.0539821405002896
Coefficient Variation,2.743897833032821,21.21509627783451,15.051183971070026,1.7659469374760435,1.7659469374760435,,,,,,,,,,,,,,1.6857262624775935,,,,,,,,,,,,,,,,3.0265213452002753,,6.403124237432848,,-4.242640687119285,-2.5551157187907596,,,-6.34935762979747,0.9339263645839232,0.9937986345305001,-6.34935762979747,-1.0681321963911758,-2,2.0995107830766666,8.64046387734714,5.816397729785523,-9.449119265422356,1.3062933195522655,2.3891995124714906,1.2754124238161535,82.65712561097993,2.661456483677845,253.07794346687,2.7909673753984596,5.158433810593306,2.340950427761116,9.442355271849012,-1.8379273748251208,0.2263970679756046,-2,-1.8379273748251208,0.9910165601196774,0.564035371819941,0.6274542244319005,,,,,,,,,,,,,,-6.34935762979747,1.2329741547711766,-0.9587860097298336,-5.7093065385338555,-1.9104801874541693,-2,-0.13304513243929536,,1.2329741547711766,,-6.34935762979747,3.70882920051274,,-1.8379273748251208,,-1.2719549850396,-2.0543420850047815,1.5656225301231552
Min,-10.63703704,-11.45608089,-8.91366756,0,0,0,0,0,0,0,0,0,0,0,0,0,0,0,0,0,0,0,0,0,0,0,0,0,0,0,0,0,0,0,-3.17433165,0,0,0,-2.54241333,-36.60978504,0,0,-13.9496926,-0.72984639,3.64969691,-13.9496926,-11.45608089,-0.01193852,-25.70431481,-163.46368111,-163.46368111,-117.61610986,-1.45692424,-2.09,-3.17433165,-160.46043741,-25.63476994,-18.93434444,-29.65524444,-25.70431481,-29.65524444,-43.95299192,-4.17355991,6.64618635,-0.01193852,-4.17355991,3.6579162,43.5,31.3,0,0,0,0,0,0,0,0,0,0,0,0,0,-13.9496926,-3.16239313,-8.91366756,-2.09,-4.31986574,-2.54241333,-23.36545311,-0.03444444,-3.16239313,0,-13.9496926,-0.41163881,-0.03444444,-4.17355991,0,-403.75023852,-351.08281889,0
Max,160.98701393,27.74074074,27.74074074,7.5,7.5,0,0,0,0,0,0,0,0,0,0,0,0,0,0.05808724,0,0,0,0,0,0,0,0,0,0,0,0,0,0,0,7.17944318,0,0.00407227,0,0,0,0,0,2.98827015,2.82537686,25.1040141,2.98827015,-0.91181804,0,94.35199392,117.61610986,117.61610986,163.46368111,240.55027,119.03148148,121.51878852,109.12962963,94.47100932,19.59518519,94.35199392,94.35199392,41.23601,34.69316688,2.21407709,11.1543215,0,2.21407709,25.1040141,990.8177285,1138.88040966,0,0,0,0,0,0,0,0,0,0,0,0,0,2.98827015,7.17944318,-0.91181804,1.71740741,2.62571589,0,-17.9753123,0.03444444,7.17944318,0,2.98827015,0.32716754,0.03444444,2.21407709,0,99.84686201,172.65562838,7.5
Median,1.712962965,0,0,0,0,0,0,0,0,0,0,0,0,0,0,0,0,0,0.004109645,0,0,0,0,0,0,0,0,0,0,0,0,0,0,0,0,0,0,0,0,0,0,0,2.829590985,2.6212383,5.885632805,2.829590985,-3.1424707,0,21.189270355,2.781373705,4.30925926,-1.9535959250000001,9.87962963,0,8.843425295,0,5.25925926,0,5.25925926,0.01211111,7.18289704,0.7037037,-1.9189423300000001,8.744267409999999,0,-1.9189423300000001,5.914676425,474.43962963,439.16666667,0,0,0,0,0,0,0,0,0,0,0,0,0,2.829590985,5.842901455,-3.1424707,-0.36685185000000003,-2.2384777099999997,0,-20.869343774999997,0,5.842901455,0,2.829590985,0.229104535,0,-1.9189423300000001,0,-57.15555556,-37.31851852,0
No. of Obs,18,18,18,18,18,18,4,4,4,4,4,4,4,4,4,4,4,4,4,4,4,4,4,4,4,4,4,4,4,4,4,4,4,18,18,18,41,18,18,24,18,18,4,4,4,4,4,4,4,38,38,38,38,38,38,38,41,41,41,25,25,41,4,4,4,4,4,41,41,4,4,4,4,4,4,4,4,4,4,4,4,18,4,4,4,4,4,4,4,4,4,18,4,4,4,4,4,41,41,15
1977,6.03703704,1.7962963,1.7962963,0,0,0,,,,,,,,,,,,,,,,,,,,,,,,,,,,0,0,0,0,0,0,,0,0,,,,,,,,4.84814815,4.84814815,-6.64444444,0,0,0,0,-4.46296296,0,-4.46296296,,,2.32962963,,,,,,43.5,31.3,,,,,,,,,,,,,0,,,,,,,,,,0,,,,,,-12.4,-12.2,0
1978,-2.12962963,0.25925926,0.25925926,0,0,0,,,,,,,,,,,,,,,,,,,,,,,,,,,,0,0,0,0,0,0,,0,0,,,,,,,,10.13703704,10.13703704,-10.3962963,0,0,0,0,0.77037037,0,0.77037037,,,-2.65555556,,,,,,49.1,42.1,,,,,,,,,,,,,0,,,,,,,,,,0,,,,,,-7.4,-7,0
1979,-1.42962963,0.16666667,0.16666667,0.4,0.4,0,,,,,,,,,,,,,,,,,,,,,,,,,,,,0,0,0,0,0,0,,0,0,,,,,,,,8.76666667,8.76666667,-8.93333333,0.4,0,0,-0.4,5.35925926,0,5.35925926,,,5.5962963,,,,,,78,50.2,,,,,,,,,,,,,0,,,,,,,,,,0,,,,,,-29.6,-27.8,0.4
1980,1.27777778,0.1962963,0.1962963,0.6,0.6,0,,,,,,,,,,,,,,,,,,,,,,,,,,,,0,0,0,0,0,0,,0,0,,,,,,,,3.77037037,3.77037037,-3.96666667,0.6,0,0,-0.6,-3.21481481,0,-3.21481481,,,-7.3037037,,,,,,131.8,104.1,,,,,,,,,,,,,0,,,,,,,,,,0,,,,,,-28.9,-27.7,0.6
1981,-0.23703704,8.50740741,8.50740741,1.5,1.5,0,,,,,,,,,,,,,,,,,,,,,,,,,,,,0,0,0,0,0,0,,0,0,,,,,,,,22.3037037,22.3037037,-30.81111111,1.5,0,0,15,-0.38148148,0,-0.38148148,,,-6.12962963,,,,,,145,103.9,,,,,,,,,,,,,0,,,,,,,,,,0,,,,,,-43.1,-41.1,1.5
1982,-5.00740741,1,1,4.4,4.4,0,,,,,,,,,,,,,,,,,,,,,,,,,,,,0,0,0,0,0,0,,0,0,,,,,,,,6.4,6.4,-7.4,4.4,0,0,-4.4,1.2,0,1.2,,,2.99259259,,,,,,148.3,101,,,,,,,,,,,,,0,,,,,,,,,,0,,,,,,-51,-47.3,4.4
1983,2.7,2.2,2.2,7.5,7.5,0,,,,,,,,,,,,,,,,,,,,,,,,,,,,0,0,0,0,0,0,,0,0,,,,,,,,-8.29888889,-8.29888889,6.09888889,7.5,0,0,-7.5,1.4,0,1.4,,,6.79888889,,,,,,118,99.3,,,,,,,,,,,,,0,,,,,,,,,,0,,,,,,-19.7,-18.7,7.5
1984,0.5,0,0,7.5,7.5,0,,,,,,,,,,,,,,,,,,,,,,,,,,,,0,0,0,0,0,0,,0,0,,,,,,,,-4.8,-4.8,4.8,7.5,0,0,-7.5,7.1,0,7.1,,,-0.1,,,,,,180.8,167.3,,,,,,,,,,,,,0,,,,,,,,,,0,,,,,,-13.9,-13.5,7.5
1985,-9.4,0,0,6.2,6.2,0,,,,,,,,,,,,,,,,,,,,,,,,,,,,0,0,0,0,0,0,,0,0,,,,,,,,-4.8,-4.8,4.8,6.2,0,0,-6.2,3.3,0,3.3,,,0,,,,,,213.2,178.6,,,,,,,,,,,,,0,,,,,,,,,,0,,,,,,-37.3,-34.6,6.2
1986,-10.63703704,27.74074074,27.74074074,0,0,0,,,,,,,,,,,,,,,,,,,,,,,,,,,,0,0,0,0,0,0,,0,0,,,,,,,,61.63703704,61.63703704,-89.37777778,0,0,0,0,10.14444444,0,10.14444444,,,2.61481481,,,,,,293.53703704,205.89259259,,,,,,,,,,,,,0,,,,,,,,,,0,,,,,,-123.67777778,-87.64444444,0
1987,7.57037037,-2.52592593,-2.52592593,0,0,0,,,,,,,,,,,,,,,,,,,,,,,,,,,,0,0,0,0,0,0,,0,0,,,,,,,,64.23333333,64.23333333,-61.70740741,0,0,0,0,-2.48518519,0,-2.48518519,,,13.76666667,,,,,,303.14444444,226.98518519,,,,,,,,,,,,,0,,,,,,,,,,0,,,,,,-116.11851852,-76.15925926,0
1988,3.63333333,-3.72222222,-3.72222222,0,0,0,,,,,,,,,,,,,,,,,,,,,,,,,,,,0,0,0,0,0,0,,0,0,,,,,,,,20.23333333,20.23333333,-16.51111111,0,0,0,0,2.62222222,0,2.62222222,,,-0.57037037,,,,,,283.8,265.52592593,,,,,,,,,,,,,0,,,,,,,,,,0,,,,,,-49.9,-18.27407407,0
1989,-8.68518519,-3.01851852,-3.01851852,0,0,0,,,,,,,,,,,,,,,,,,,,,,,,,,,,0,0,0,0,0,0,,0,0,,,,,,,,28.02962963,28.02962963,-25.01111111,0,0,0,0,0.04074074,0,0.04074074,,,1.44814815,,,,,,338.91111111,290.93703704,,,,,,,,,,,,,0,,,,,,,,,,0,,,,,,-93.45555556,-47.97407407,0
1990,2.14814815,-7.15185185,-7.15185185,0,0,0,,,,,,,,,,,,,,,,,,,,,,,,,,,,0,0,0,0,0,0,,0,0,,,,,,,,9.26666667,9.26666667,-2.11481481,0,0,0,0,-0.59259259,0,-0.59259259,,,-32.25555556,,,,,,340.55925926,345.3,,,,,,,,,,,,,0,,,,,,,,,,0,,,,,,-40.58518519,4.74074074,0
1991,,,,,,,,,,,,,,,,,,,,,,,,,,,,,,,,,,,,,0,,,,,,,,,,,,,,,,,,,,5.25925926,0,5.25925926,,,27.51481481,,,,,,369.88888889,369.86296296,,,,,,,,,,,,,,,,,,,,,,,,,,,,,-32.22592593,-0.02592593,0
1992,,,,,,,,,,,,,,,,,,,,,,,,,,,,,,,,,,,,,0,,,,,,,,,,,,,,,,,,,,17.98148148,0,17.98148148,,,16.41851852,,,,,,386.45555556,407.37037037,,,,,,,,,,,,,,,,,,,,,,,,,,,,,-8.75185185,20.91481481,
1993,,,,,,,,,,,,,,,,,,,,,,,,,,,,,,,,,,,,,0,,,,,,,,,,,,,,,,,,,,-11.85185185,0,-11.85185185,0,-11.85185185,0.7037037,,,,,,398.5,439.16666667,,,,,,,,,,,,,,,,,,,,,,,,,,,,,17.72962963,40.66666667,
1994,,,,,,,,,,,,,,,,,,,,,,,,,,,,,,,,,,,,,0,,,0,,,,,,,,,,-26.39259259,-26.39259259,40.26296296,2.66666667,0,2.66666667,3.02222222,8.07407407,0,8.07407407,0,8.07407407,31.72222222,,,,,,421.92592593,436.45925926,,,,,,,,,,,,,,,,,,,,,,,,,,,,,-12.02592593,14.53333333,
1995,,,,,,,,,,,,,,,,,,,,,,,,,,,,,,,,,,,,,0,,,0,,,,,,,,,,-8.65925926,-8.65925926,23.05185185,12.25925926,0,12.25925926,18.91851852,13.58888889,0,13.58888889,0,13.58888889,21.03333333,,,,,,438.92592593,401.60740741,,,,,,,,,,,,,,,,,,,,,,,,,,,,,-64.17777778,-37.31851852,
1996,,,,,,,,,,,,,,,,,,,,,,,,,,,,,,,,,,,,,0,,,0,,,,,,,,,,-7.1037037,-7.1037037,7.1037037,53.35555556,35.61851852,17.73703704,-44.32592593,-11.25925926,0,-11.25925926,0.44444444,-11.7037037,-7.82222222,,,,,,467.36666667,402.52222222,,,,,,,,,,,,,,,,,,,,,,,,,,,,,-91.06296296,-64.84444444,
1997,,,,,,,,,,,,,,,,,,,,,,,,,,,,,,,,,,,,,0,,,0,,,,,,,,,,0.68888889,0.68888889,-0.68888889,48.77777778,38.27037037,10.50740741,-26.9,2.95555556,0,2.95555556,0,2.95555556,-2.96666667,,,,,,478.28888889,443.28888889,,,,,,,,,,,,,,,,,,,,,,,,,,,,,-57.15555556,-35,
1998,,,,,,,,,,,,,,,,,,,,,,,,,,,,,,,,,,,,,0,,,0,,,,,,,,,,29.92222222,29.92222222,-29.92222222,56.48148148,0,56.48148148,109.12962963,8.88518519,0,8.88518519,0.21111111,8.67407407,-40.51481481,,,,,,489.92222222,465.9,,,,,,,,,,,,,,,,,,,,,,,,,,,,,-45.05925926,-24.02222222,
1999,,,,,,,,,,,,,,,,,,,,,,,,,,,,,,,,,,,,,0,,,0,,,,,,,,,,11.10111111,11.10111111,-11.10111111,89.52857778,0,89.52857778,13.4829037,10.38677778,0,10.38677778,0.02418519,10.36259259,4.53897519,,,,,,529.32243333,472.83210852,,,,,,,,,,,,,,,,,,,,,,,,,,,,,-79.93551,-56.49032481,
2000,,,,,,,,,,,,,,,,,,,,,,,,,,,,,,,,,,,,,0,,,0,,,,,,,,,,1.35259259,1.35259259,-1.35259259,65.79074074,40.3,25.49074074,4.74555556,-6.16196296,0,-6.16196296,0.01211111,-6.17407407,-17.44676148,,,,,,498.46155556,466.86190963,,,,,,,,,,,,,,,,,,,,,,,,,,,,,-76.11853481,-31.59964593,
2001,,,,,,,,,,,,,,,,,,,,,,,,,,,,,,,,,,,,,0,,,0,,,,,,,,,,10.32111111,10.32111111,-10.32111111,19.74074074,0,19.74074074,46.11777778,15.99703704,0,15.99703704,-0.17074074,16.16777778,4.1437037,,,,,,486.57296296,445.33407407,,,,,,,,,,,,,,,,,,,,,,,,,,,,,-66.02703704,-41.23888889,
2002,,,,,,,,,,,,,,,,,,,,,,,,,,,,,,,,,,,,,0,,,0,,,,,,,,,,-6.47222222,-6.47222222,6.47222222,56.41421667,4.65555556,51.75866111,-44.32088333,7.72777778,0,7.72777778,-0.1962963,7.92407407,-21.99804222,,,,,,474.43962963,427.86530222,,,,,,,,,,,,,,,,,,,,,,,,,,,,,-88.02104667,-46.57432741,
2003,,,,,,,,,,,,,,,,,,,,,,,,,,,,,,,,,,,,,0,,,0,,,,,,,,,,-10.75662963,-10.75662963,10.75662963,61.82326667,0,61.82326667,58.18523704,26.14407407,0,26.14407407,0.03333333,26.11074074,16.82741704,,,,,,534.75116852,462.6379437,,,,,,,,,,,,,,,,,,,,,,,,,,,,,-110.80950481,-72.11322481,
2004,,,,,,,,,,,,,,,,,,,,,,,,,,,,,,,,,,,,,0,,,0,,,,,,,,,,-23.44777778,-23.44777778,23.44777778,68.37037778,16.04740741,52.32297037,-30.43663704,6.42039926,0,6.42039926,0.04958519,6.37081407,-15.9025937,,,,,,592.33841222,533.97311111,,,,,,,,,,,,,,,,,,,,,,,,,,,,,-103.45062,-58.36530111,
2005,,,,,,,,,,,,,,,,,,,,,,,,,,,,,,,,,,,,,0,,,0,,,,,,,,,,-163.46368111,-163.46368111,163.46368111,50.62394815,0,50.62394815,92.55914815,7.2357963,0,7.2357963,0.05289926,7.18289704,-7.36274185,,,,,,682.72051185,545.26938519,,,,,,,,,,,,,,,,,,,,,,,,,,,,,-179.49136593,-137.45112667,
2006,,,,,,,,,,,,,,,,,,,,,,,,,,,,,,,,,,,,,0,,,0,,,,,,,,,,-25.54294074,-25.54294074,25.54294074,77.94510333,0,77.94510333,71.81937963,15.36136296,0,15.36136296,0.05062222,15.31074074,-6.98733148,,,,,,818.41317593,548.16982556,,,,,,,,,,,,,,,,,,,,,,,,,,,,,-316.98667741,-270.24335037,
2007,,,,,,,,,,,,,,,,,,,,,,,,,,,,,,,,,,,,,0,,,0,,,,,,,,,,-6.78143481,-6.78143481,6.78143481,134.29838852,15.41592593,118.88246259,-52.28703296,0.36809963,0,0.36809963,-0.84674481,1.21484444,-4.00399185,,,,,,932.37214296,581.28932407,,,,,,,,,,,,,,,,,,,,,,,,,,,,,-403.75023852,-351.08281889,
2008,,,,,,,,,,,,,,,,,,,,,,,,,,,,,,,,,,,,,0,,,0,,,,,,,,,,1.79237704,1.79237704,-1.79237704,240.55027,119.03148148,121.51878852,-160.46043741,-5.82609296,0,-5.82609296,0,-5.82609296,10.39966407,,,,,,952.20790222,625.36867741,,,,,,,,,,,,,,,,,,,,,,,,,,,,,-387.92328,-326.83922481,
2009,,,,,,,,,,,,,,,,,,,,,,,,,,,,,,,,,,,,,0,,,0,,,,,,,,,,38.71442963,38.71442963,-38.71442963,118.09875889,33.5362963,84.56246259,-47.38312111,-10.06005926,19.59518519,-29.65524444,0,-29.65524444,-1.18222407,,,,,,706.47711296,561.62350222,,,,,,,,,,,,,,,,,,,,,,,,,,,,,-195.67390407,-144.85361074,
2010,,,,,,,,,,,,,,,,,,,,,,,,,,,,,,,,,,,,,0,,,0,,,,,,,,,,117.61610986,117.61610986,-117.61610986,52.90561296,13.7,39.20561296,68.75588481,10.30801704,-18.93434444,29.24236148,3.15794815,26.08441333,22.84481088,,,,,,678.92989074,523.83388667,,,,,,,,,,,,,,,,,,,,,,,,,,,,,-186.58541704,-155.09600407,
2011,,,,,,,,,,,,,,,,,,,,,,,,,,,,,,,,,,,,,0,,,0,,,,,,,,,,19.02639097,19.02639097,-19.02639097,66.91963778,35.11111111,31.80852667,-38.48049222,10.50048667,0,10.50048667,0.13025556,10.37023111,-13.0863606,,,,,,641.64401148,537.75573889,,,,,,,,,,,,,,,,,,,,,,,,,,,,,-143.35927148,-103.88827259,
2012,,,,,,,,,,,,,,,,,,,,,,,,,,,,,,,,,,,,,0,,,0,,,,,,,,,,1.18573164,1.18573164,-1.18573164,59.96487444,0,59.96487444,-6.78231,11.1887637,0,11.1887637,-3.28824074,14.47700444,31.53239614,,,,,,687.62735704,541.54968667,,,,,,,,,,,,,,,,,,,,,,,,,,,,,-197.16754185,-146.07767037,
2013,,,,,,,,,,,,,,,,,,,,,,,,,,,,,,,,,,,,,0,,,0,,,,,,,,,,67.53304972,67.53304972,-67.53304972,77.52328815,3.24888889,74.27439926,6.23085074,42.43478185,0,42.43478185,1.19877185,41.23601,34.07024954,,,,,,713.89942185,529.1833963,,,,,,,,,,,,,,,,,,,,,,,,,,,,,-234.84753444,-184.71602556,
2014,28.86839125,-11.45608089,-8.91366756,0,0,0,0,0,0,0,0,0,0,0,0,0,0,0,0,0,0,0,0,0,0,0,0,0,0,0,0,0,0,0,-3.17433165,0,0,0,-2.54241333,-36.60978504,0,0,-13.9496926,2.54892042,25.1040141,-13.9496926,-11.45608089,-0.01193852,94.35199392,-1.11170263,16.86360967,11.62984241,-1.45692424,1.71740741,-3.17433165,0.84703072,94.47100932,0.1190154,94.35199392,94.35199392,0,34.69316688,-4.17355991,11.1543215,-0.01193852,-4.17355991,25.1040141,925.83418324,1027.28391197,0,0,0,0,0,0,0,0,0,0,0,0,0,-13.9496926,-3.16239313,-8.91366756,1.71740741,-4.31986574,-2.54241333,-17.9753123,0,-3.16239313,0,-13.9496926,0.14630584,0,-4.17355991,0,37.68184398,101.44972874,
2015,135.63149645,-5.33193454,-5.33193454,0,0,0,0,0,0,0,0,0,0,0,0,0,0,0,0,0,0,0,0,0,0,0,0,0,0,0,0,0,0,0,4.81665426,0,0,0,0,-17.85812792,0,0,2.80006444,-0.72984639,6.85370123,2.80006444,-5.33193454,0,58.66403866,14.43600626,33.2631,-20.52796594,2.72665426,-2.09,4.81665426,-0.38962864,58.69551691,0.03147824,58.66403866,58.66403866,0,-7.63526294,2.21407709,9.68821011,0,2.21407709,6.85370123,842.87258545,1015.52821383,0,0,0,0,0,0,0,0,0,0,0,0,0,2.80006444,4.81665426,-5.33193454,-2.09,2.62571589,0,-18.82709374,0.03444444,4.81665426,0,2.80006444,-0.41163881,0.03444444,2.21407709,0,99.84686201,172.65562838,
2016,6.34632194,-0.91181804,-0.91181804,0,0,0,0,0,0,0,0,0,0,0,0,0,0,0,0.05808724,0,0,0,0,0,0,0,0,0,0,0,0,0,0,0,6.86914865,0,0,0,0,-14.32106966,0,0,2.85911753,2.69355618,4.91756438,2.85911753,-0.91181804,0,-25.70431481,-38.61823207,-15.70663826,38.3435633,6.81803754,-0.05111111,6.86914865,-10.6347565,-25.63476994,0.06954488,-25.70431481,-25.70431481,0,-43.95299192,-1.87310806,7.80032471,0,-1.87310806,4.97565162,911.64278243,1036.63768712,0,0,0,0,0,0,0,0,0,0,0,0,0,2.85911753,6.86914865,-0.91181804,-0.05111111,-2.18501128,0,-22.91159381,-0.03444444,6.86914865,0,2.85911753,0.31190323,-0.03444444,-1.87310806,0,16.42273643,124.99490469,
2017,160.98701393,-0.95300686,-0.95300686,0,0,0,0,0,0,0,0,0,0,0,0,0,0,0,0.00821929,0,0,0,0,0,0,0,0,0,0,0,0,0,0,0,7.17944318,0,0.00407227,0,0,-13.46148768,0,0,2.98827015,2.82537686,3.64969691,2.98827015,-0.95300686,0,-16.28549795,-36.22090793,-12.85545481,37.2211507,6.49685059,-0.68259259,7.17944318,0.85993441,-16.46430675,-0.18288108,-16.28549795,-16.28549795,0,28.90079143,-1.9647766,6.64618635,0,-1.9647766,3.6579162,990.8177285,1138.88040966,0,0,0,0,0,0,0,0,0,0,0,0,0,2.98827015,7.17944318,-0.95300686,-0.68259259,-2.29194414,0,-23.36545311,0,7.17944318,0,2.98827015,0.32716754,0,-1.9647766,0,80.17987453,148.06268116,